iteration,current_Check,current_Raise50,average_Check,average_Raise50
0,0.000000,1.000000,0.038462,0.961538
1,0.000000,1.000000,0.038462,0.961538
2,1.000000,0.000000,0.252922,0.747078
3,1.000000,0.000000,0.252922,0.747078
4,1.000000,0.000000,0.501948,0.498052
5,1.000000,0.000000,0.501948,0.498052
6,1.000000,0.000000,0.626461,0.373539
7,1.000000,0.000000,0.626461,0.373539
8,1.000000,0.000000,0.701169,0.298831
9,1.000000,0.000000,0.701169,0.298831
10,1.000000,0.000000,0.750974,0.249026
11,1.000000,0.000000,0.750974,0.249026
12,1.000000,0.000000,0.786549,0.213451
13,1.000000,0.000000,0.786549,0.213451
14,1.000000,0.000000,0.813231,0.186769
15,1.000000,0.000000,0.813231,0.186769
16,0.000000,1.000000,0.812264,0.187736
17,0.000000,1.000000,0.812264,0.187736
18,0.000000,1.000000,0.748551,0.251449
19,0.000000,1.000000,0.748551,0.251449
20,0.528462,0.471538,0.694572,0.305428
21,0.528462,0.471538,0.694572,0.305428
22,1.000000,0.000000,0.711926,0.288074
23,1.000000,0.000000,0.711926,0.288074
24,1.000000,0.000000,0.734085,0.265915
25,1.000000,0.000000,0.734085,0.265915
26,1.000000,0.000000,0.753079,0.246921
27,1.000000,0.000000,0.753079,0.246921
28,1.000000,0.000000,0.769541,0.230459
29,1.000000,0.000000,0.769541,0.230459
30,1.000000,0.000000,0.783944,0.216056
31,1.000000,0.000000,0.783944,0.216056
32,1.000000,0.000000,0.796654,0.203346
33,1.000000,0.000000,0.796654,0.203346
34,0.414335,0.585665,0.803610,0.196390
35,0.414335,0.585665,0.803610,0.196390
36,0.921355,0.078645,0.804328,0.195672
37,0.921355,0.078645,0.804328,0.195672
38,1.000000,0.000000,0.813809,0.186191
39,1.000000,0.000000,0.813809,0.186191
40,0.828843,0.171157,0.822549,0.177451
41,0.828843,0.171157,0.822549,0.177451
42,0.334226,0.665774,0.824731,0.175269
43,0.334226,0.665774,0.824731,0.175269
44,0.477013,0.522987,0.813611,0.186389
45,0.477013,0.522987,0.813611,0.186389
46,1.000000,0.000000,0.813565,0.186435
47,1.000000,0.000000,0.813565,0.186435
48,1.000000,0.000000,0.821023,0.178977
49,1.000000,0.000000,0.821023,0.178977
50,1.000000,0.000000,0.827907,0.172093
51,1.000000,0.000000,0.827907,0.172093
52,1.000000,0.000000,0.834280,0.165720
53,1.000000,0.000000,0.834280,0.165720
54,1.000000,0.000000,0.840199,0.159801
55,1.000000,0.000000,0.840199,0.159801
56,1.000000,0.000000,0.845709,0.154291
57,1.000000,0.000000,0.845709,0.154291
58,1.000000,0.000000,0.850852,0.149148
59,1.000000,0.000000,0.850852,0.149148
60,1.000000,0.000000,0.855664,0.144336
61,1.000000,0.000000,0.855664,0.144336
62,1.000000,0.000000,0.860174,0.139826
63,1.000000,0.000000,0.860174,0.139826
64,0.817545,0.182455,0.864199,0.135801
65,0.817545,0.182455,0.864199,0.135801
66,0.462980,0.537020,0.864502,0.135498
67,0.462980,0.537020,0.864502,0.135498
68,0.437014,0.562986,0.856944,0.143056
69,0.437014,0.562986,0.856944,0.143056
70,0.739639,0.260361,0.851488,0.148512
71,0.739639,0.260361,0.851488,0.148512
72,1.000000,0.000000,0.854208,0.145792
73,1.000000,0.000000,0.854208,0.145792
74,1.000000,0.000000,0.858045,0.141955
75,1.000000,0.000000,0.858045,0.141955
76,1.000000,0.000000,0.861685,0.138315
77,1.000000,0.000000,0.861685,0.138315
78,1.000000,0.000000,0.865143,0.134857
79,1.000000,0.000000,0.865143,0.134857
80,1.000000,0.000000,0.868432,0.131568
81,1.000000,0.000000,0.868432,0.131568
82,1.000000,0.000000,0.871564,0.128436
83,1.000000,0.000000,0.871564,0.128436
84,1.000000,0.000000,0.874551,0.125449
85,1.000000,0.000000,0.874551,0.125449
86,1.000000,0.000000,0.877402,0.122598
87,1.000000,0.000000,0.877402,0.122598
88,1.000000,0.000000,0.880127,0.119873
89,1.000000,0.000000,0.880127,0.119873
90,1.000000,0.000000,0.882733,0.117267
91,1.000000,0.000000,0.882733,0.117267
92,1.000000,0.000000,0.885228,0.114772
93,1.000000,0.000000,0.885228,0.114772
94,1.000000,0.000000,0.887619,0.112381
95,1.000000,0.000000,0.887619,0.112381
96,1.000000,0.000000,0.889912,0.110088
97,1.000000,0.000000,0.889912,0.110088
98,1.000000,0.000000,0.892114,0.107886
99,1.000000,0.000000,0.892114,0.107886
100,0.755944,0.244056,0.894032,0.105968
101,0.755944,0.244056,0.894032,0.105968
102,0.449565,0.550435,0.892957,0.107043
103,0.449565,0.550435,0.892957,0.107043
104,0.498230,0.501770,0.887175,0.112825
105,0.498230,0.501770,0.887175,0.112825
106,0.802691,0.197309,0.883979,0.116021
107,0.802691,0.197309,0.883979,0.116021
108,1.000000,0.000000,0.885528,0.114472
109,1.000000,0.000000,0.885528,0.114472
110,1.000000,0.000000,0.887572,0.112428
111,1.000000,0.000000,0.887572,0.112428
112,1.000000,0.000000,0.889544,0.110456
113,1.000000,0.000000,0.889544,0.110456
114,1.000000,0.000000,0.891449,0.108551
115,1.000000,0.000000,0.891449,0.108551
116,1.000000,0.000000,0.893289,0.106711
117,1.000000,0.000000,0.893289,0.106711
118,1.000000,0.000000,0.895067,0.104933
119,1.000000,0.000000,0.895067,0.104933
120,1.000000,0.000000,0.896787,0.103213
121,1.000000,0.000000,0.896787,0.103213
122,1.000000,0.000000,0.898452,0.101548
123,1.000000,0.000000,0.898452,0.101548
124,1.000000,0.000000,0.900064,0.099936
125,1.000000,0.000000,0.900064,0.099936
126,1.000000,0.000000,0.901625,0.098375
127,1.000000,0.000000,0.901625,0.098375
128,1.000000,0.000000,0.903139,0.096861
129,1.000000,0.000000,0.903139,0.096861
130,1.000000,0.000000,0.904606,0.095394
131,1.000000,0.000000,0.904606,0.095394
132,1.000000,0.000000,0.906030,0.093970
133,1.000000,0.000000,0.906030,0.093970
134,1.000000,0.000000,0.907412,0.092588
135,1.000000,0.000000,0.907412,0.092588
136,1.000000,0.000000,0.908754,0.091246
137,1.000000,0.000000,0.908754,0.091246
138,1.000000,0.000000,0.910057,0.089943
139,1.000000,0.000000,0.910057,0.089943
140,1.000000,0.000000,0.911324,0.088676
141,1.000000,0.000000,0.911324,0.088676
142,0.715258,0.284742,0.912156,0.087844
143,0.715258,0.284742,0.912156,0.087844
144,0.559630,0.440370,0.910885,0.089115
145,0.559630,0.440370,0.910885,0.089115
146,0.608591,0.391409,0.907810,0.092190
147,0.608591,0.391409,0.907810,0.092190
148,0.806766,0.193234,0.906271,0.093729
149,0.806766,0.193234,0.906271,0.093729
150,1.000000,0.000000,0.907082,0.092918
151,1.000000,0.000000,0.907082,0.092918
152,1.000000,0.000000,0.908289,0.091711
153,1.000000,0.000000,0.908289,0.091711
154,1.000000,0.000000,0.909465,0.090535
155,1.000000,0.000000,0.909465,0.090535
156,1.000000,0.000000,0.910611,0.089389
157,1.000000,0.000000,0.910611,0.089389
158,1.000000,0.000000,0.911728,0.088272
159,1.000000,0.000000,0.911728,0.088272
160,1.000000,0.000000,0.912818,0.087182
161,1.000000,0.000000,0.912818,0.087182
162,1.000000,0.000000,0.913881,0.086119
163,1.000000,0.000000,0.913881,0.086119
164,1.000000,0.000000,0.914919,0.085081
165,1.000000,0.000000,0.914919,0.085081
166,1.000000,0.000000,0.915932,0.084068
167,1.000000,0.000000,0.915932,0.084068
168,1.000000,0.000000,0.916921,0.083079
169,1.000000,0.000000,0.916921,0.083079
170,1.000000,0.000000,0.917887,0.082113
171,1.000000,0.000000,0.917887,0.082113
172,1.000000,0.000000,0.918830,0.081170
173,1.000000,0.000000,0.918830,0.081170
174,1.000000,0.000000,0.919753,0.080247
175,1.000000,0.000000,0.919753,0.080247
176,1.000000,0.000000,0.920654,0.079346
177,1.000000,0.000000,0.920654,0.079346
178,1.000000,0.000000,0.921536,0.078464
179,1.000000,0.000000,0.921536,0.078464
180,1.000000,0.000000,0.922398,0.077602
181,1.000000,0.000000,0.922398,0.077602
182,1.000000,0.000000,0.923242,0.076758
183,1.000000,0.000000,0.923242,0.076758
184,1.000000,0.000000,0.924067,0.075933
185,1.000000,0.000000,0.924067,0.075933
186,1.000000,0.000000,0.924875,0.075125
187,1.000000,0.000000,0.924875,0.075125
188,1.000000,0.000000,0.925666,0.074334
189,1.000000,0.000000,0.925666,0.074334
190,1.000000,0.000000,0.926440,0.073560
191,1.000000,0.000000,0.926440,0.073560
192,1.000000,0.000000,0.927198,0.072802
193,1.000000,0.000000,0.927198,0.072802
194,1.000000,0.000000,0.927941,0.072059
195,1.000000,0.000000,0.927941,0.072059
196,1.000000,0.000000,0.928669,0.071331
197,1.000000,0.000000,0.928669,0.071331
198,1.000000,0.000000,0.929382,0.070618
199,1.000000,0.000000,0.929382,0.070618
200,1.000000,0.000000,0.930082,0.069918
201,1.000000,0.000000,0.930082,0.069918
202,1.000000,0.000000,0.930767,0.069233
203,1.000000,0.000000,0.930767,0.069233
204,1.000000,0.000000,0.931439,0.068561
205,1.000000,0.000000,0.931439,0.068561
206,0.866142,0.133858,0.932053,0.067947
207,0.866142,0.133858,0.932053,0.067947
208,0.601221,0.398779,0.931824,0.068176
209,0.601221,0.398779,0.931824,0.068176
210,0.534839,0.465161,0.929520,0.070480
211,0.534839,0.465161,0.929520,0.070480
212,0.603022,0.396978,0.926897,0.073103
213,0.603022,0.396978,0.926897,0.073103
214,0.815594,0.184406,0.925475,0.074525
215,0.815594,0.184406,0.925475,0.074525
216,1.000000,0.000000,0.925863,0.074137
217,1.000000,0.000000,0.925863,0.074137
218,1.000000,0.000000,0.926537,0.073463
219,1.000000,0.000000,0.926537,0.073463
220,1.000000,0.000000,0.927199,0.072801
221,1.000000,0.000000,0.927199,0.072801
222,1.000000,0.000000,0.927849,0.072151
223,1.000000,0.000000,0.927849,0.072151
224,1.000000,0.000000,0.928488,0.071512
225,1.000000,0.000000,0.928488,0.071512
226,1.000000,0.000000,0.929115,0.070885
227,1.000000,0.000000,0.929115,0.070885
228,1.000000,0.000000,0.929731,0.070269
229,1.000000,0.000000,0.929731,0.070269
230,1.000000,0.000000,0.930337,0.069663
231,1.000000,0.000000,0.930337,0.069663
232,1.000000,0.000000,0.930932,0.069068
233,1.000000,0.000000,0.930932,0.069068
234,1.000000,0.000000,0.931518,0.068482
235,1.000000,0.000000,0.931518,0.068482
236,1.000000,0.000000,0.932093,0.067907
237,1.000000,0.000000,0.932093,0.067907
238,1.000000,0.000000,0.932659,0.067341
239,1.000000,0.000000,0.932659,0.067341
240,1.000000,0.000000,0.933216,0.066784
241,1.000000,0.000000,0.933216,0.066784
242,1.000000,0.000000,0.933763,0.066237
243,1.000000,0.000000,0.933763,0.066237
244,1.000000,0.000000,0.934302,0.065698
245,1.000000,0.000000,0.934302,0.065698
246,1.000000,0.000000,0.934831,0.065169
247,1.000000,0.000000,0.934831,0.065169
248,1.000000,0.000000,0.935353,0.064647
249,1.000000,0.000000,0.935353,0.064647
250,1.000000,0.000000,0.935866,0.064134
251,1.000000,0.000000,0.935866,0.064134
252,1.000000,0.000000,0.936371,0.063629
253,1.000000,0.000000,0.936371,0.063629
254,1.000000,0.000000,0.936868,0.063132
255,1.000000,0.000000,0.936868,0.063132
256,1.000000,0.000000,0.937357,0.062643
257,1.000000,0.000000,0.937357,0.062643
258,1.000000,0.000000,0.937839,0.062161
259,1.000000,0.000000,0.937839,0.062161
260,1.000000,0.000000,0.938314,0.061686
261,1.000000,0.000000,0.938314,0.061686
262,1.000000,0.000000,0.938781,0.061219
263,1.000000,0.000000,0.938781,0.061219
264,1.000000,0.000000,0.939241,0.060759
265,1.000000,0.000000,0.939241,0.060759
266,1.000000,0.000000,0.939695,0.060305
267,1.000000,0.000000,0.939695,0.060305
268,1.000000,0.000000,0.940141,0.059859
269,1.000000,0.000000,0.940141,0.059859
270,1.000000,0.000000,0.940582,0.059418
271,1.000000,0.000000,0.940582,0.059418
272,1.000000,0.000000,0.941015,0.058985
273,1.000000,0.000000,0.941015,0.058985
274,1.000000,0.000000,0.941443,0.058557
275,1.000000,0.000000,0.941443,0.058557
276,1.000000,0.000000,0.941864,0.058136
277,1.000000,0.000000,0.941864,0.058136
278,1.000000,0.000000,0.942279,0.057721
279,1.000000,0.000000,0.942279,0.057721
280,1.000000,0.000000,0.942689,0.057311
281,1.000000,0.000000,0.942689,0.057311
282,1.000000,0.000000,0.943092,0.056908
283,1.000000,0.000000,0.943092,0.056908
284,1.000000,0.000000,0.943490,0.056510
285,1.000000,0.000000,0.943490,0.056510
286,1.000000,0.000000,0.943883,0.056117
287,1.000000,0.000000,0.943883,0.056117
288,1.000000,0.000000,0.944270,0.055730
289,1.000000,0.000000,0.944270,0.055730
290,1.000000,0.000000,0.944651,0.055349
291,1.000000,0.000000,0.944651,0.055349
292,0.825530,0.174470,0.944974,0.055026
293,0.825530,0.174470,0.944974,0.055026
294,0.661656,0.338344,0.944728,0.055272
295,0.661656,0.338344,0.944728,0.055272
296,0.650780,0.349220,0.943545,0.056455
297,0.650780,0.349220,0.943545,0.056455
298,0.732701,0.267299,0.942471,0.057529
299,0.732701,0.267299,0.942471,0.057529
300,0.949881,0.050119,0.942345,0.057655
301,0.949881,0.050119,0.942345,0.057655
302,1.000000,0.000000,0.942699,0.057301
303,1.000000,0.000000,0.942699,0.057301
304,1.000000,0.000000,0.943074,0.056926
305,1.000000,0.000000,0.943074,0.056926
306,1.000000,0.000000,0.943443,0.056557
307,1.000000,0.000000,0.943443,0.056557
308,1.000000,0.000000,0.943808,0.056192
309,1.000000,0.000000,0.943808,0.056192
310,1.000000,0.000000,0.944169,0.055831
311,1.000000,0.000000,0.944169,0.055831
312,1.000000,0.000000,0.944524,0.055476
313,1.000000,0.000000,0.944524,0.055476
314,1.000000,0.000000,0.944875,0.055125
315,1.000000,0.000000,0.944875,0.055125
316,1.000000,0.000000,0.945222,0.054778
317,1.000000,0.000000,0.945222,0.054778
318,1.000000,0.000000,0.945564,0.054436
319,1.000000,0.000000,0.945564,0.054436
320,1.000000,0.000000,0.945902,0.054098
321,1.000000,0.000000,0.945902,0.054098
322,1.000000,0.000000,0.946236,0.053764
323,1.000000,0.000000,0.946236,0.053764
324,1.000000,0.000000,0.946566,0.053434
325,1.000000,0.000000,0.946566,0.053434
326,1.000000,0.000000,0.946892,0.053108
327,1.000000,0.000000,0.946892,0.053108
328,1.000000,0.000000,0.947214,0.052786
329,1.000000,0.000000,0.947214,0.052786
330,1.000000,0.000000,0.947532,0.052468
331,1.000000,0.000000,0.947532,0.052468
332,1.000000,0.000000,0.947846,0.052154
333,1.000000,0.000000,0.947846,0.052154
334,1.000000,0.000000,0.948157,0.051843
335,1.000000,0.000000,0.948157,0.051843
336,1.000000,0.000000,0.948463,0.051537
337,1.000000,0.000000,0.948463,0.051537
338,1.000000,0.000000,0.948766,0.051234
339,1.000000,0.000000,0.948766,0.051234
340,1.000000,0.000000,0.949066,0.050934
341,1.000000,0.000000,0.949066,0.050934
342,1.000000,0.000000,0.949362,0.050638
343,1.000000,0.000000,0.949362,0.050638
344,1.000000,0.000000,0.949655,0.050345
345,1.000000,0.000000,0.949655,0.050345
346,1.000000,0.000000,0.949944,0.050056
347,1.000000,0.000000,0.949944,0.050056
348,1.000000,0.000000,0.950230,0.049770
349,1.000000,0.000000,0.950230,0.049770
350,1.000000,0.000000,0.950513,0.049487
351,1.000000,0.000000,0.950513,0.049487
352,1.000000,0.000000,0.950793,0.049207
353,1.000000,0.000000,0.950793,0.049207
354,1.000000,0.000000,0.951069,0.048931
355,1.000000,0.000000,0.951069,0.048931
356,1.000000,0.000000,0.951342,0.048658
357,1.000000,0.000000,0.951342,0.048658
358,1.000000,0.000000,0.951613,0.048387
359,1.000000,0.000000,0.951613,0.048387
360,1.000000,0.000000,0.951880,0.048120
361,1.000000,0.000000,0.951880,0.048120
362,1.000000,0.000000,0.952144,0.047856
363,1.000000,0.000000,0.952144,0.047856
364,1.000000,0.000000,0.952406,0.047594
365,1.000000,0.000000,0.952406,0.047594
366,1.000000,0.000000,0.952665,0.047335
367,1.000000,0.000000,0.952665,0.047335
368,1.000000,0.000000,0.952921,0.047079
369,1.000000,0.000000,0.952921,0.047079
370,1.000000,0.000000,0.953174,0.046826
371,1.000000,0.000000,0.953174,0.046826
372,1.000000,0.000000,0.953424,0.046576
373,1.000000,0.000000,0.953424,0.046576
374,1.000000,0.000000,0.953672,0.046328
375,1.000000,0.000000,0.953672,0.046328
376,1.000000,0.000000,0.953917,0.046083
377,1.000000,0.000000,0.953917,0.046083
378,1.000000,0.000000,0.954159,0.045841
379,1.000000,0.000000,0.954159,0.045841
380,1.000000,0.000000,0.954399,0.045601
381,1.000000,0.000000,0.954399,0.045601
382,1.000000,0.000000,0.954637,0.045363
383,1.000000,0.000000,0.954637,0.045363
384,1.000000,0.000000,0.954872,0.045128
385,1.000000,0.000000,0.954872,0.045128
386,1.000000,0.000000,0.955105,0.044895
387,1.000000,0.000000,0.955105,0.044895
388,1.000000,0.000000,0.955335,0.044665
389,1.000000,0.000000,0.955335,0.044665
390,1.000000,0.000000,0.955563,0.044437
391,1.000000,0.000000,0.955563,0.044437
392,1.000000,0.000000,0.955788,0.044212
393,1.000000,0.000000,0.955788,0.044212
394,1.000000,0.000000,0.956012,0.043988
395,1.000000,0.000000,0.956012,0.043988
396,1.000000,0.000000,0.956233,0.043767
397,1.000000,0.000000,0.956233,0.043767
398,1.000000,0.000000,0.956451,0.043549
399,1.000000,0.000000,0.956451,0.043549
400,1.000000,0.000000,0.956668,0.043332
401,1.000000,0.000000,0.956668,0.043332
402,1.000000,0.000000,0.956883,0.043117
403,1.000000,0.000000,0.956883,0.043117
404,1.000000,0.000000,0.957095,0.042905
405,1.000000,0.000000,0.957095,0.042905
406,1.000000,0.000000,0.957305,0.042695
407,1.000000,0.000000,0.957305,0.042695
408,1.000000,0.000000,0.957514,0.042486
409,1.000000,0.000000,0.957514,0.042486
410,1.000000,0.000000,0.957720,0.042280
411,1.000000,0.000000,0.957720,0.042280
412,1.000000,0.000000,0.957924,0.042076
413,1.000000,0.000000,0.957924,0.042076
414,1.000000,0.000000,0.958126,0.041874
415,1.000000,0.000000,0.958126,0.041874
416,1.000000,0.000000,0.958327,0.041673
417,1.000000,0.000000,0.958327,0.041673
418,1.000000,0.000000,0.958525,0.041475
419,1.000000,0.000000,0.958525,0.041475
420,1.000000,0.000000,0.958722,0.041278
421,1.000000,0.000000,0.958722,0.041278
422,1.000000,0.000000,0.958916,0.041084
423,1.000000,0.000000,0.958916,0.041084
424,1.000000,0.000000,0.959109,0.040891
425,1.000000,0.000000,0.959109,0.040891
426,1.000000,0.000000,0.959300,0.040700
427,1.000000,0.000000,0.959300,0.040700
428,1.000000,0.000000,0.959490,0.040510
429,1.000000,0.000000,0.959490,0.040510
430,1.000000,0.000000,0.959677,0.040323
431,1.000000,0.000000,0.959677,0.040323
432,1.000000,0.000000,0.959863,0.040137
433,1.000000,0.000000,0.959863,0.040137
434,1.000000,0.000000,0.960047,0.039953
435,1.000000,0.000000,0.960047,0.039953
436,1.000000,0.000000,0.960230,0.039770
437,1.000000,0.000000,0.960230,0.039770
438,1.000000,0.000000,0.960410,0.039590
439,1.000000,0.000000,0.960410,0.039590
440,1.000000,0.000000,0.960590,0.039410
441,1.000000,0.000000,0.960590,0.039410
442,1.000000,0.000000,0.960767,0.039233
443,1.000000,0.000000,0.960767,0.039233
444,1.000000,0.000000,0.960943,0.039057
445,1.000000,0.000000,0.960943,0.039057
446,1.000000,0.000000,0.961117,0.038883
447,1.000000,0.000000,0.961117,0.038883
448,1.000000,0.000000,0.961290,0.038710
449,1.000000,0.000000,0.961290,0.038710
450,1.000000,0.000000,0.961461,0.038539
451,1.000000,0.000000,0.961461,0.038539
452,1.000000,0.000000,0.961631,0.038369
453,1.000000,0.000000,0.961631,0.038369
454,1.000000,0.000000,0.961800,0.038200
455,1.000000,0.000000,0.961800,0.038200
456,1.000000,0.000000,0.961966,0.038034
457,1.000000,0.000000,0.961966,0.038034
458,1.000000,0.000000,0.962132,0.037868
459,1.000000,0.000000,0.962132,0.037868
460,1.000000,0.000000,0.962296,0.037704
461,1.000000,0.000000,0.962296,0.037704
462,1.000000,0.000000,0.962458,0.037542
463,1.000000,0.000000,0.962458,0.037542
464,1.000000,0.000000,0.962619,0.037381
465,1.000000,0.000000,0.962619,0.037381
466,1.000000,0.000000,0.962779,0.037221
467,1.000000,0.000000,0.962779,0.037221
468,1.000000,0.000000,0.962937,0.037063
469,1.000000,0.000000,0.962937,0.037063
470,1.000000,0.000000,0.963094,0.036906
471,1.000000,0.000000,0.963094,0.036906
472,1.000000,0.000000,0.963250,0.036750
473,1.000000,0.000000,0.963250,0.036750
474,1.000000,0.000000,0.963405,0.036595
475,1.000000,0.000000,0.963405,0.036595
476,1.000000,0.000000,0.963558,0.036442
477,1.000000,0.000000,0.963558,0.036442
478,1.000000,0.000000,0.963710,0.036290
479,1.000000,0.000000,0.963710,0.036290
480,1.000000,0.000000,0.963860,0.036140
481,1.000000,0.000000,0.963860,0.036140
482,1.000000,0.000000,0.964009,0.035991
483,1.000000,0.000000,0.964009,0.035991
484,1.000000,0.000000,0.964158,0.035842
485,1.000000,0.000000,0.964158,0.035842
486,1.000000,0.000000,0.964304,0.035696
487,1.000000,0.000000,0.964304,0.035696
488,1.000000,0.000000,0.964450,0.035550
489,1.000000,0.000000,0.964450,0.035550
490,1.000000,0.000000,0.964595,0.035405
491,1.000000,0.000000,0.964595,0.035405
492,1.000000,0.000000,0.964738,0.035262
493,1.000000,0.000000,0.964738,0.035262
494,1.000000,0.000000,0.964880,0.035120
495,1.000000,0.000000,0.964880,0.035120
496,1.000000,0.000000,0.965021,0.034979
497,1.000000,0.000000,0.965021,0.034979
498,1.000000,0.000000,0.965161,0.034839
499,1.000000,0.000000,0.965161,0.034839
500,1.000000,0.000000,0.965300,0.034700
501,1.000000,0.000000,0.965300,0.034700
502,1.000000,0.000000,0.965438,0.034562
503,1.000000,0.000000,0.965438,0.034562
504,1.000000,0.000000,0.965574,0.034426
505,1.000000,0.000000,0.965574,0.034426
506,1.000000,0.000000,0.965710,0.034290
507,1.000000,0.000000,0.965710,0.034290
508,1.000000,0.000000,0.965844,0.034156
509,1.000000,0.000000,0.965844,0.034156
510,1.000000,0.000000,0.965978,0.034022
511,1.000000,0.000000,0.965978,0.034022
512,1.000000,0.000000,0.966110,0.033890
513,1.000000,0.000000,0.966110,0.033890
514,1.000000,0.000000,0.966241,0.033759
515,1.000000,0.000000,0.966241,0.033759
516,1.000000,0.000000,0.966372,0.033628
517,1.000000,0.000000,0.966372,0.033628
518,1.000000,0.000000,0.966501,0.033499
519,1.000000,0.000000,0.966501,0.033499
520,1.000000,0.000000,0.966629,0.033371
521,1.000000,0.000000,0.966629,0.033371
522,1.000000,0.000000,0.966757,0.033243
523,1.000000,0.000000,0.966757,0.033243
524,1.000000,0.000000,0.966883,0.033117
525,1.000000,0.000000,0.966883,0.033117
526,1.000000,0.000000,0.967009,0.032991
527,1.000000,0.000000,0.967009,0.032991
528,1.000000,0.000000,0.967133,0.032867
529,1.000000,0.000000,0.967133,0.032867
530,1.000000,0.000000,0.967257,0.032743
531,1.000000,0.000000,0.967257,0.032743
532,1.000000,0.000000,0.967379,0.032621
533,1.000000,0.000000,0.967379,0.032621
534,1.000000,0.000000,0.967501,0.032499
535,1.000000,0.000000,0.967501,0.032499
536,1.000000,0.000000,0.967622,0.032378
537,1.000000,0.000000,0.967622,0.032378
538,1.000000,0.000000,0.967742,0.032258
539,1.000000,0.000000,0.967742,0.032258
540,1.000000,0.000000,0.967861,0.032139
541,1.000000,0.000000,0.967861,0.032139
542,0.916423,0.083577,0.967978,0.032022
543,0.916423,0.083577,0.967978,0.032022
544,0.841329,0.158671,0.968027,0.031973
545,0.841329,0.158671,0.968027,0.031973
546,0.838474,0.161526,0.968004,0.031996
547,0.838474,0.161526,0.968004,0.031996
548,0.898207,0.101793,0.968016,0.031984
549,0.898207,0.101793,0.968016,0.031984
550,1.000000,0.000000,0.968090,0.031910
551,1.000000,0.000000,0.968090,0.031910
552,1.000000,0.000000,0.968205,0.031795
553,1.000000,0.000000,0.968205,0.031795
554,1.000000,0.000000,0.968320,0.031680
555,1.000000,0.000000,0.968320,0.031680
556,1.000000,0.000000,0.968433,0.031567
557,1.000000,0.000000,0.968433,0.031567
558,1.000000,0.000000,0.968546,0.031454
559,1.000000,0.000000,0.968546,0.031454
560,1.000000,0.000000,0.968658,0.031342
561,1.000000,0.000000,0.968658,0.031342
562,1.000000,0.000000,0.968769,0.031231
563,1.000000,0.000000,0.968769,0.031231
564,1.000000,0.000000,0.968879,0.031121
565,1.000000,0.000000,0.968879,0.031121
566,1.000000,0.000000,0.968989,0.031011
567,1.000000,0.000000,0.968989,0.031011
568,1.000000,0.000000,0.969098,0.030902
569,1.000000,0.000000,0.969098,0.030902
570,1.000000,0.000000,0.969206,0.030794
571,1.000000,0.000000,0.969206,0.030794
572,1.000000,0.000000,0.969313,0.030687
573,1.000000,0.000000,0.969313,0.030687
574,1.000000,0.000000,0.969420,0.030580
575,1.000000,0.000000,0.969420,0.030580
576,1.000000,0.000000,0.969525,0.030475
577,1.000000,0.000000,0.969525,0.030475
578,1.000000,0.000000,0.969630,0.030370
579,1.000000,0.000000,0.969630,0.030370
580,1.000000,0.000000,0.969735,0.030265
581,1.000000,0.000000,0.969735,0.030265
582,1.000000,0.000000,0.969839,0.030161
583,1.000000,0.000000,0.969839,0.030161
584,1.000000,0.000000,0.969941,0.030059
585,1.000000,0.000000,0.969941,0.030059
586,1.000000,0.000000,0.970044,0.029956
587,1.000000,0.000000,0.970044,0.029956
588,1.000000,0.000000,0.970145,0.029855
589,1.000000,0.000000,0.970145,0.029855
590,1.000000,0.000000,0.970246,0.029754
591,1.000000,0.000000,0.970246,0.029754
592,1.000000,0.000000,0.970346,0.029654
593,1.000000,0.000000,0.970346,0.029654
594,1.000000,0.000000,0.970446,0.029554
595,1.000000,0.000000,0.970446,0.029554
596,1.000000,0.000000,0.970545,0.029455
597,1.000000,0.000000,0.970545,0.029455
598,1.000000,0.000000,0.970643,0.029357
599,1.000000,0.000000,0.970643,0.029357
600,1.000000,0.000000,0.970740,0.029260
601,1.000000,0.000000,0.970740,0.029260
602,1.000000,0.000000,0.970837,0.029163
603,1.000000,0.000000,0.970837,0.029163
604,1.000000,0.000000,0.970933,0.029067
605,1.000000,0.000000,0.970933,0.029067
606,1.000000,0.000000,0.971029,0.028971
607,1.000000,0.000000,0.971029,0.028971
608,1.000000,0.000000,0.971124,0.028876
609,1.000000,0.000000,0.971124,0.028876
610,1.000000,0.000000,0.971218,0.028782
611,1.000000,0.000000,0.971218,0.028782
612,1.000000,0.000000,0.971312,0.028688
613,1.000000,0.000000,0.971312,0.028688
614,1.000000,0.000000,0.971405,0.028595
615,1.000000,0.000000,0.971405,0.028595
616,1.000000,0.000000,0.971498,0.028502
617,1.000000,0.000000,0.971498,0.028502
618,1.000000,0.000000,0.971590,0.028410
619,1.000000,0.000000,0.971590,0.028410
620,1.000000,0.000000,0.971681,0.028319
621,1.000000,0.000000,0.971681,0.028319
622,1.000000,0.000000,0.971772,0.028228
623,1.000000,0.000000,0.971772,0.028228
624,1.000000,0.000000,0.971862,0.028138
625,1.000000,0.000000,0.971862,0.028138
626,1.000000,0.000000,0.971952,0.028048
627,1.000000,0.000000,0.971952,0.028048
628,1.000000,0.000000,0.972041,0.027959
629,1.000000,0.000000,0.972041,0.027959
630,1.000000,0.000000,0.972129,0.027871
631,1.000000,0.000000,0.972129,0.027871
632,1.000000,0.000000,0.972217,0.027783
633,1.000000,0.000000,0.972217,0.027783
634,1.000000,0.000000,0.972305,0.027695
635,1.000000,0.000000,0.972305,0.027695
636,1.000000,0.000000,0.972391,0.027609
637,1.000000,0.000000,0.972391,0.027609
638,1.000000,0.000000,0.972478,0.027522
639,1.000000,0.000000,0.972478,0.027522
640,1.000000,0.000000,0.972563,0.027437
641,1.000000,0.000000,0.972563,0.027437
642,1.000000,0.000000,0.972649,0.027351
643,1.000000,0.000000,0.972649,0.027351
644,1.000000,0.000000,0.972733,0.027267
645,1.000000,0.000000,0.972733,0.027267
646,1.000000,0.000000,0.972817,0.027183
647,1.000000,0.000000,0.972817,0.027183
648,1.000000,0.000000,0.972901,0.027099
649,1.000000,0.000000,0.972901,0.027099
650,1.000000,0.000000,0.972984,0.027016
651,1.000000,0.000000,0.972984,0.027016
652,1.000000,0.000000,0.973067,0.026933
653,1.000000,0.000000,0.973067,0.026933
654,1.000000,0.000000,0.973149,0.026851
655,1.000000,0.000000,0.973149,0.026851
656,1.000000,0.000000,0.973231,0.026769
657,1.000000,0.000000,0.973231,0.026769
658,1.000000,0.000000,0.973312,0.026688
659,1.000000,0.000000,0.973312,0.026688
660,1.000000,0.000000,0.973392,0.026608
661,1.000000,0.000000,0.973392,0.026608
662,1.000000,0.000000,0.973472,0.026528
663,1.000000,0.000000,0.973472,0.026528
664,1.000000,0.000000,0.973552,0.026448
665,1.000000,0.000000,0.973552,0.026448
666,1.000000,0.000000,0.973631,0.026369
667,1.000000,0.000000,0.973631,0.026369
668,1.000000,0.000000,0.973710,0.026290
669,1.000000,0.000000,0.973710,0.026290
670,1.000000,0.000000,0.973788,0.026212
671,1.000000,0.000000,0.973788,0.026212
672,1.000000,0.000000,0.973866,0.026134
673,1.000000,0.000000,0.973866,0.026134
674,1.000000,0.000000,0.973943,0.026057
675,1.000000,0.000000,0.973943,0.026057
676,1.000000,0.000000,0.974020,0.025980
677,1.000000,0.000000,0.974020,0.025980
678,1.000000,0.000000,0.974097,0.025903
679,1.000000,0.000000,0.974097,0.025903
680,1.000000,0.000000,0.974173,0.025827
681,1.000000,0.000000,0.974173,0.025827
682,1.000000,0.000000,0.974248,0.025752
683,1.000000,0.000000,0.974248,0.025752
684,1.000000,0.000000,0.974323,0.025677
685,1.000000,0.000000,0.974323,0.025677
686,1.000000,0.000000,0.974398,0.025602
687,1.000000,0.000000,0.974398,0.025602
688,1.000000,0.000000,0.974472,0.025528
689,1.000000,0.000000,0.974472,0.025528
690,1.000000,0.000000,0.974546,0.025454
691,1.000000,0.000000,0.974546,0.025454
692,1.000000,0.000000,0.974619,0.025381
693,1.000000,0.000000,0.974619,0.025381
694,1.000000,0.000000,0.974692,0.025308
695,1.000000,0.000000,0.974692,0.025308
696,1.000000,0.000000,0.974765,0.025235
697,1.000000,0.000000,0.974765,0.025235
698,1.000000,0.000000,0.974837,0.025163
699,1.000000,0.000000,0.974837,0.025163
700,1.000000,0.000000,0.974908,0.025092
701,1.000000,0.000000,0.974908,0.025092
702,1.000000,0.000000,0.974980,0.025020
703,1.000000,0.000000,0.974980,0.025020
704,1.000000,0.000000,0.975051,0.024949
705,1.000000,0.000000,0.975051,0.024949
706,1.000000,0.000000,0.975121,0.024879
707,1.000000,0.000000,0.975121,0.024879
708,1.000000,0.000000,0.975191,0.024809
709,1.000000,0.000000,0.975191,0.024809
710,1.000000,0.000000,0.975261,0.024739
711,1.000000,0.000000,0.975261,0.024739
712,1.000000,0.000000,0.975330,0.024670
713,1.000000,0.000000,0.975330,0.024670
714,1.000000,0.000000,0.975399,0.024601
715,1.000000,0.000000,0.975399,0.024601
716,1.000000,0.000000,0.975468,0.024532
717,1.000000,0.000000,0.975468,0.024532
718,1.000000,0.000000,0.975536,0.024464
719,1.000000,0.000000,0.975536,0.024464
720,1.000000,0.000000,0.975603,0.024397
721,1.000000,0.000000,0.975603,0.024397
722,1.000000,0.000000,0.975671,0.024329
723,1.000000,0.000000,0.975671,0.024329
724,1.000000,0.000000,0.975738,0.024262
725,1.000000,0.000000,0.975738,0.024262
726,1.000000,0.000000,0.975805,0.024195
727,1.000000,0.000000,0.975805,0.024195
728,1.000000,0.000000,0.975871,0.024129
729,1.000000,0.000000,0.975871,0.024129
730,1.000000,0.000000,0.975937,0.024063
731,1.000000,0.000000,0.975937,0.024063
732,1.000000,0.000000,0.976002,0.023998
733,1.000000,0.000000,0.976002,0.023998
734,1.000000,0.000000,0.976068,0.023932
735,1.000000,0.000000,0.976068,0.023932
736,1.000000,0.000000,0.976132,0.023868
737,1.000000,0.000000,0.976132,0.023868
738,1.000000,0.000000,0.976197,0.023803
739,1.000000,0.000000,0.976197,0.023803
740,1.000000,0.000000,0.976261,0.023739
741,1.000000,0.000000,0.976261,0.023739
742,1.000000,0.000000,0.976325,0.023675
743,1.000000,0.000000,0.976325,0.023675
744,1.000000,0.000000,0.976388,0.023612
745,1.000000,0.000000,0.976388,0.023612
746,1.000000,0.000000,0.976451,0.023549
747,1.000000,0.000000,0.976451,0.023549
748,1.000000,0.000000,0.976514,0.023486
749,1.000000,0.000000,0.976514,0.023486
750,1.000000,0.000000,0.976577,0.023423
751,1.000000,0.000000,0.976577,0.023423
752,1.000000,0.000000,0.976639,0.023361
753,1.000000,0.000000,0.976639,0.023361
754,1.000000,0.000000,0.976701,0.023299
755,1.000000,0.000000,0.976701,0.023299
756,1.000000,0.000000,0.976762,0.023238
757,1.000000,0.000000,0.976762,0.023238
758,1.000000,0.000000,0.976823,0.023177
759,1.000000,0.000000,0.976823,0.023177
760,1.000000,0.000000,0.976884,0.023116
761,1.000000,0.000000,0.976884,0.023116
762,1.000000,0.000000,0.976945,0.023055
763,1.000000,0.000000,0.976945,0.023055
764,1.000000,0.000000,0.977005,0.022995
765,1.000000,0.000000,0.977005,0.022995
766,1.000000,0.000000,0.977065,0.022935
767,1.000000,0.000000,0.977065,0.022935
768,1.000000,0.000000,0.977124,0.022876
769,1.000000,0.000000,0.977124,0.022876
770,1.000000,0.000000,0.977184,0.022816
771,1.000000,0.000000,0.977184,0.022816
772,1.000000,0.000000,0.977242,0.022758
773,1.000000,0.000000,0.977242,0.022758
774,1.000000,0.000000,0.977301,0.022699
775,1.000000,0.000000,0.977301,0.022699
776,1.000000,0.000000,0.977359,0.022641
777,1.000000,0.000000,0.977359,0.022641
778,1.000000,0.000000,0.977418,0.022582
779,1.000000,0.000000,0.977418,0.022582
780,1.000000,0.000000,0.977475,0.022525
781,1.000000,0.000000,0.977475,0.022525
782,1.000000,0.000000,0.977533,0.022467
783,1.000000,0.000000,0.977533,0.022467
784,1.000000,0.000000,0.977590,0.022410
785,1.000000,0.000000,0.977590,0.022410
786,1.000000,0.000000,0.977647,0.022353
787,1.000000,0.000000,0.977647,0.022353
788,1.000000,0.000000,0.977703,0.022297
789,1.000000,0.000000,0.977703,0.022297
790,1.000000,0.000000,0.977760,0.022240
791,1.000000,0.000000,0.977760,0.022240
792,1.000000,0.000000,0.977816,0.022184
793,1.000000,0.000000,0.977816,0.022184
794,1.000000,0.000000,0.977871,0.022129
795,1.000000,0.000000,0.977871,0.022129
796,1.000000,0.000000,0.977927,0.022073
797,1.000000,0.000000,0.977927,0.022073
798,1.000000,0.000000,0.977982,0.022018
799,1.000000,0.000000,0.977982,0.022018
800,1.000000,0.000000,0.978037,0.021963
801,1.000000,0.000000,0.978037,0.021963
802,1.000000,0.000000,0.978092,0.021908
803,1.000000,0.000000,0.978092,0.021908
804,1.000000,0.000000,0.978146,0.021854
805,1.000000,0.000000,0.978146,0.021854
806,1.000000,0.000000,0.978200,0.021800
807,1.000000,0.000000,0.978200,0.021800
808,1.000000,0.000000,0.978254,0.021746
809,1.000000,0.000000,0.978254,0.021746
810,1.000000,0.000000,0.978307,0.021693
811,1.000000,0.000000,0.978307,0.021693
812,1.000000,0.000000,0.978361,0.021639
813,1.000000,0.000000,0.978361,0.021639
814,1.000000,0.000000,0.978414,0.021586
815,1.000000,0.000000,0.978414,0.021586
816,1.000000,0.000000,0.978467,0.021533
817,1.000000,0.000000,0.978467,0.021533
818,1.000000,0.000000,0.978519,0.021481
819,1.000000,0.000000,0.978519,0.021481
820,1.000000,0.000000,0.978571,0.021429
821,1.000000,0.000000,0.978571,0.021429
822,1.000000,0.000000,0.978623,0.021377
823,1.000000,0.000000,0.978623,0.021377
824,1.000000,0.000000,0.978675,0.021325
825,1.000000,0.000000,0.978675,0.021325
826,1.000000,0.000000,0.978727,0.021273
827,1.000000,0.000000,0.978727,0.021273
828,1.000000,0.000000,0.978778,0.021222
829,1.000000,0.000000,0.978778,0.021222
830,1.000000,0.000000,0.978829,0.021171
831,1.000000,0.000000,0.978829,0.021171
832,1.000000,0.000000,0.978880,0.021120
833,1.000000,0.000000,0.978880,0.021120
834,1.000000,0.000000,0.978930,0.021070
835,1.000000,0.000000,0.978930,0.021070
836,1.000000,0.000000,0.978981,0.021019
837,1.000000,0.000000,0.978981,0.021019
838,1.000000,0.000000,0.979031,0.020969
839,1.000000,0.000000,0.979031,0.020969
840,1.000000,0.000000,0.979080,0.020920
841,1.000000,0.000000,0.979080,0.020920
842,1.000000,0.000000,0.979130,0.020870
843,1.000000,0.000000,0.979130,0.020870
844,1.000000,0.000000,0.979179,0.020821
845,1.000000,0.000000,0.979179,0.020821
846,1.000000,0.000000,0.979228,0.020772
847,1.000000,0.000000,0.979228,0.020772
848,1.000000,0.000000,0.979277,0.020723
849,1.000000,0.000000,0.979277,0.020723
850,1.000000,0.000000,0.979326,0.020674
851,1.000000,0.000000,0.979326,0.020674
852,1.000000,0.000000,0.979374,0.020626
853,1.000000,0.000000,0.979374,0.020626
854,1.000000,0.000000,0.979423,0.020577
855,1.000000,0.000000,0.979423,0.020577
856,1.000000,0.000000,0.979470,0.020530
857,1.000000,0.000000,0.979470,0.020530
858,1.000000,0.000000,0.979518,0.020482
859,1.000000,0.000000,0.979518,0.020482
860,1.000000,0.000000,0.979566,0.020434
861,1.000000,0.000000,0.979566,0.020434
862,1.000000,0.000000,0.979613,0.020387
863,1.000000,0.000000,0.979613,0.020387
864,1.000000,0.000000,0.979660,0.020340
865,1.000000,0.000000,0.979660,0.020340
866,1.000000,0.000000,0.979707,0.020293
867,1.000000,0.000000,0.979707,0.020293
868,1.000000,0.000000,0.979754,0.020246
869,1.000000,0.000000,0.979754,0.020246
870,1.000000,0.000000,0.979800,0.020200
871,1.000000,0.000000,0.979800,0.020200
872,1.000000,0.000000,0.979846,0.020154
873,1.000000,0.000000,0.979846,0.020154
874,1.000000,0.000000,0.979892,0.020108
875,1.000000,0.000000,0.979892,0.020108
876,1.000000,0.000000,0.979938,0.020062
877,1.000000,0.000000,0.979938,0.020062
878,1.000000,0.000000,0.979984,0.020016
879,1.000000,0.000000,0.979984,0.020016
880,1.000000,0.000000,0.980029,0.019971
881,1.000000,0.000000,0.980029,0.019971
882,1.000000,0.000000,0.980074,0.019926
883,1.000000,0.000000,0.980074,0.019926
884,1.000000,0.000000,0.980119,0.019881
885,1.000000,0.000000,0.980119,0.019881
886,1.000000,0.000000,0.980164,0.019836
887,1.000000,0.000000,0.980164,0.019836
888,1.000000,0.000000,0.980209,0.019791
889,1.000000,0.000000,0.980209,0.019791
890,1.000000,0.000000,0.980253,0.019747
891,1.000000,0.000000,0.980253,0.019747
892,1.000000,0.000000,0.980297,0.019703
893,1.000000,0.000000,0.980297,0.019703
894,1.000000,0.000000,0.980341,0.019659
895,1.000000,0.000000,0.980341,0.019659
896,1.000000,0.000000,0.980385,0.019615
897,1.000000,0.000000,0.980385,0.019615
898,1.000000,0.000000,0.980429,0.019571
899,1.000000,0.000000,0.980429,0.019571
900,1.000000,0.000000,0.980472,0.019528
901,1.000000,0.000000,0.980472,0.019528
902,1.000000,0.000000,0.980515,0.019485
903,1.000000,0.000000,0.980515,0.019485
904,1.000000,0.000000,0.980558,0.019442
905,1.000000,0.000000,0.980558,0.019442
906,1.000000,0.000000,0.980601,0.019399
907,1.000000,0.000000,0.980601,0.019399
908,1.000000,0.000000,0.980644,0.019356
909,1.000000,0.000000,0.980644,0.019356
910,1.000000,0.000000,0.980686,0.019314
911,1.000000,0.000000,0.980686,0.019314
912,1.000000,0.000000,0.980728,0.019272
913,1.000000,0.000000,0.980728,0.019272
914,1.000000,0.000000,0.980770,0.019230
915,1.000000,0.000000,0.980770,0.019230
916,1.000000,0.000000,0.980812,0.019188
917,1.000000,0.000000,0.980812,0.019188
918,1.000000,0.000000,0.980854,0.019146
919,1.000000,0.000000,0.980854,0.019146
920,1.000000,0.000000,0.980896,0.019104
921,1.000000,0.000000,0.980896,0.019104
922,1.000000,0.000000,0.980937,0.019063
923,1.000000,0.000000,0.980937,0.019063
924,1.000000,0.000000,0.980978,0.019022
925,1.000000,0.000000,0.980978,0.019022
926,1.000000,0.000000,0.981019,0.018981
927,1.000000,0.000000,0.981019,0.018981
928,1.000000,0.000000,0.981060,0.018940
929,1.000000,0.000000,0.981060,0.018940
930,1.000000,0.000000,0.981101,0.018899
931,1.000000,0.000000,0.981101,0.018899
932,1.000000,0.000000,0.981141,0.018859
933,1.000000,0.000000,0.981141,0.018859
934,1.000000,0.000000,0.981181,0.018819
935,1.000000,0.000000,0.981181,0.018819
936,1.000000,0.000000,0.981221,0.018779
937,1.000000,0.000000,0.981221,0.018779
938,1.000000,0.000000,0.981261,0.018739
939,1.000000,0.000000,0.981261,0.018739
940,1.000000,0.000000,0.981301,0.018699
941,1.000000,0.000000,0.981301,0.018699
942,1.000000,0.000000,0.981341,0.018659
943,1.000000,0.000000,0.981341,0.018659
944,1.000000,0.000000,0.981380,0.018620
945,1.000000,0.000000,0.981380,0.018620
946,1.000000,0.000000,0.981419,0.018581
947,1.000000,0.000000,0.981419,0.018581
948,1.000000,0.000000,0.981459,0.018541
949,1.000000,0.000000,0.981459,0.018541
950,1.000000,0.000000,0.981498,0.018502
951,1.000000,0.000000,0.981498,0.018502
952,1.000000,0.000000,0.981536,0.018464
953,1.000000,0.000000,0.981536,0.018464
954,1.000000,0.000000,0.981575,0.018425
955,1.000000,0.000000,0.981575,0.018425
956,1.000000,0.000000,0.981613,0.018387
957,1.000000,0.000000,0.981613,0.018387
958,1.000000,0.000000,0.981652,0.018348
959,1.000000,0.000000,0.981652,0.018348
960,1.000000,0.000000,0.981690,0.018310
961,1.000000,0.000000,0.981690,0.018310
962,1.000000,0.000000,0.981728,0.018272
963,1.000000,0.000000,0.981728,0.018272
964,1.000000,0.000000,0.981766,0.018234
965,1.000000,0.000000,0.981766,0.018234
966,1.000000,0.000000,0.981803,0.018197
967,1.000000,0.000000,0.981803,0.018197
968,1.000000,0.000000,0.981841,0.018159
969,1.000000,0.000000,0.981841,0.018159
970,1.000000,0.000000,0.981878,0.018122
971,1.000000,0.000000,0.981878,0.018122
972,1.000000,0.000000,0.981915,0.018085
973,1.000000,0.000000,0.981915,0.018085
974,1.000000,0.000000,0.981953,0.018047
975,1.000000,0.000000,0.981953,0.018047
976,1.000000,0.000000,0.981989,0.018011
977,1.000000,0.000000,0.981989,0.018011
978,1.000000,0.000000,0.982026,0.017974
979,1.000000,0.000000,0.982026,0.017974
980,1.000000,0.000000,0.982063,0.017937
981,1.000000,0.000000,0.982063,0.017937
982,1.000000,0.000000,0.982099,0.017901
983,1.000000,0.000000,0.982099,0.017901
984,1.000000,0.000000,0.982136,0.017864
985,1.000000,0.000000,0.982136,0.017864
986,1.000000,0.000000,0.982172,0.017828
987,1.000000,0.000000,0.982172,0.017828
988,1.000000,0.000000,0.982208,0.017792
989,1.000000,0.000000,0.982208,0.017792
990,1.000000,0.000000,0.982244,0.017756
991,1.000000,0.000000,0.982244,0.017756
992,1.000000,0.000000,0.982279,0.017721
993,1.000000,0.000000,0.982279,0.017721
994,1.000000,0.000000,0.982315,0.017685
995,1.000000,0.000000,0.982315,0.017685
996,1.000000,0.000000,0.982350,0.017650
997,1.000000,0.000000,0.982350,0.017650
998,1.000000,0.000000,0.982386,0.017614
999,1.000000,0.000000,0.982386,0.017614
1000,1.000000,0.000000,0.982421,0.017579
